{
      "diaForcedSourceId": 3068394727981195731,
      "diaObjectId": 3068394709727576424,
      "ra": 4.901611667116573,
      "visit": 7024062500766,
      "detector": 0,
      "psfFlux": 7962.67041015625,
      "psfFluxErr": 830.54638671875,
      "midpointMjdTai": 60487.399151209436,
      "band": "r",
      "decl": -0.8386199138280754
}

